{
  "sfreq": 128.00004653489535,
  "tmin": -0.19531242899341061,
  "ncomp": 3,
  "t0": 0.0,
  "t1": 0.6,
  "win": 0.15,
  "step": 0.15,
  "decim": 2
}